1.00397;0.00014;0.00016;0.00027;0.00026;0.00038;0.00399;0.00033;0.0005;0.00004;0.00008;0.0002;0.00026;0.0016;0.00052;0.00062;0.00061;0.00739;0.00124;0.00076;0.00043;0.00073;0.01197;0.00128;0.00046;0.02769;0.00032;0.2471; -   ;0.02335;0.00203;0.00144;0.00145;0.00023;0.00019;0.00026;0.00034;0.01106;0.00027;0.0002;0.00021;0.00018;0.0002;0.00018;0.00034;0.00114;0.00024;0.00011;0.00019;0.00033;0.0002;0.00361;0.00175;0.00029;0.00025;0.00009;0.00006;0.00013;0.00004;0.00016;0.00015;0.00022;0.00011;0.0002;0.00034;0.00029;0
0.00102;1.00552;0.00038;0.00592;0.00103;0.02084;0.01861;0.00056;0.01197;0.00005;0.00011;0.0009;0.00102;0.00627;0.00453;0.00385;0.02183;0.00509;0.00261;0.00427;0.00075;0.00178;0.00079;0.00042;0.04368;0.02941;0.01332;0.00061; -   ;0.00017;0.00011;0.0007;0.00032;0.00013;0.00016;0.00019;0.0005;0.00012;0.00011;0.00013;0.0002;0.00028;0.00014;0.00011;0.00011;0.00014;0.00015;0.00007;0.0002;0.00017;0.00007;0.0011;0.00322;0.00016;0.00012;0.0001;0.00007;0.00012;0.00006;0.0003;0.00005;0.00019;0.00011;0.00016;0.00014;0.00092;0
0.00069;0.00031;1.00035;0.00072;0.0008;0.00805;0.05732;0.0022;0.00147;0.00006;0.00011;0.0006;0.0007;0.01896;0.00126;0.00108;0.00101;0.01516;0.00139;0.00083;0.00092;0.00101;0.001;0.00087;0.00176;0.00079;0.00035;0.00105;;0.00046;0.00029;0.00212;0.00076;0.00035;0.0003;0.00034;0.00034;0.00032;0.00031;0.0003;0.00036;0.00034;0.00026;0.00023;0.00037;0.00035;0.00034;0.00016;0.00027;0.00033;0.00014;0.00191;0.00486;0.00042;0.00025;0.00012;0.00009;0.0002;0.00006;0.00018;0.00007;0.0003;0.00019;0.00029;0.00022;0.00056;0
0.00011;0.00007;0.00008;1.0657;0.00014;0.0009;0.00087;0.00012;0.00022;0.00002;0.00003;0.00015;0.00019;0.00047;0.00022;0.00027;0.00023;0.00043;0.00078;0.00049;0.0002;0.00064;0.00027;0.00021;0.00022;0.04373;0.00013;0.01146; -   ;0.0001;0.00008;0.00013;0.00011;0.00009;0.00008;0.00013;0.00009;0.00008;0.00008;0.00008;0.0001;0.00009;0.00009;0.00006;0.00009;0.00009;0.0001;0.00005;0.00008;0.0001;0.00005;0.00237;0.00294;0.00012;0.00008;0.00005;0.00004;0.00008;0.00003;0.0001;0.00005;0.00015;0.0001;0.00012;0.00015;0.00045;0
0.00012;0.00009;0.00011;0.00017;1.07048;0.00016;0.00305;0.00012;0.00377;0.00006;0.00014;0.00017;0.00022;0.00235;0.00161;0.00547;0.29325;0.00235;0.01033;0.00031;0.00027;0.002;0.0037;0.00031;0.01304;0.00554;0.00017;0.00038; -   ;0.0002;0.00016;0.00026;0.00017;0.00018;0.00022;0.00038;0.00511;0.00013;0.0002;0.0002;0.00018;0.00013;0.00024;0.00013;0.00015;0.0002;0.00018;0.00008;0.00015;0.00018;0.00008;0.00127;0.00229;0.00019;0.00015;0.00008;0.00005;0.0001;0.00004;0.00017;0.00004;0.00016;0.00009;0.00016;0.00011;0.00045;0
0.04433;0.01236;0.10099;0.03442;0.04326;1.02694;0.00877;0.02095;0.00169;0.00043;0.00116;0.03474;0.0387;0.00318;0.001;0.00113;0.01263;0.00323;0.00272;0.00431;0.02649;0.00156;0.00698;0.00935;0.00326;0.00412;0.00126;0.01247; -   ;0.0015;0.00032;0.00063;0.00935;0.00037;0.00147;0.00152;0.00056;0.0009;0.00026;0.00085;0.00372;0.00797;0.00101;0.00103;0.00032;0.0015;0.0003;0.00029;0.00351;0.00199;0.00015;0.00086;0.00134;0.00051;0.00032;0.00009;0.00006;0.00012;0.0001;0.00013;0.00028;0.0002;0.00012;0.00023;0.00017;0.00034;0
0.00211;0.00086;0.00462;0.00176;0.00219;0.00149;1.02702;0.00252;0.00977;0.00015;0.00025;0.00325;0.00367;0.33221;0.00683;0.00354;0.00126;0.26337;0.01539;0.00082;0.00167;0.00696;0.00578;0.00105;0.00736;0.00444;0.00057;0.00129; -   ;0.00182;0.00052;0.03149;0.00104;0.00055;0.00042;0.00052;0.00047;0.00042;0.0004;0.00045;0.00076;0.00099;0.00042;0.00036;0.00036;0.00052;0.00069;0.00028;0.00076;0.00076;0.00057;0.02361;0.08055;0.00111;0.00105;0.0006;0.00073;0.00127;0.00053;0.00186;0.00042;0.00276;0.0023;0.00186;0.00098;0.00528;0
0.00102;0.00025;0.00147;0.00058;0.00067;0.00052;0.00029;1.02609;0.00022;0.00012;0.00032;0.00061;0.00073;0.00021;0.00022;0.00035;0.00038;0.00022;0.00019;0.00028;0.00053;0.00019;0.00032;0.00033;0.00021;0.00034;0.00029;0.00051; -   ;0.00901;0.00084;0.00072;0.18316;0.00022;0.00037;0.00016;0.00036;0.00847;0.00019;0.0008;0.00058;0.00023;0.00021;0.00013;0.00038;0.02113;0.0002;0.00008;0.00016;0.01787;0.00021;0.00015;0.00015;0.00028;0.00017;0.00005;0.00005;0.00008;0.00049;0.00007;0.00019;0.00012;0.00025;0.00017;0.00021;0.00058;0
0.00022;0.00016;0.00036;0.00029;0.00027;0.00027;0.00359;0.00033;1.22052;0.00015;0.00025;0.00325;;0.33221;0.00683;0.00354;0.00126;0.26337;0.01539;0.00082;0.00167;0.00696;0.00578;0.00105;0.00736;0.00444;0.00057;0.00129; -   ;0.00182;0.00052;0.03149;0.00104;0.00055;0.00042;0.00052;0.00047;0.00042;0.0004;0.00045;0.00076;0.00099;0.00042;0.00036;0.00036;0.00052;0.00069;0.00028;0.00076;0.00076;0.00057;0.02361;0.08055;0.00111;0.00105;0.0006;0.00073;0.00127;0.00053;0.00186;0.00042;0.00276;0.0023;0.00186;0.00098;0.00528;0
0.00563;0.00428;0.00965;0.00532;0.00534;0.01017;0.00435;0.00638;0.00605;1.00185;0.00194;0.00612;0.00889;0.00376;0.00435;0.00846;0.00453;0.00506;0.00374;0.00444;0.00476;0.00398;0.0049;0.00524;0.00399;0.0056;0.00625;0.00969; -   ;0.007;0.00353;0.00457;0.0065;0.00934;0.21497;0.00449;0.00423;0.00523;0.00455;0.04713;0.01357;0.00582;0.00345;0.00356;0.00242;0.00402;0.00539;0.03813;0.00567;0.00462;0.0088;0.00521;0.00427;0.03746;0.02111;0.00264;0.00136;0.00184;0.00214;0.0041;0.00125;0.00666;0.00082;0.00274;0.00183;0.00597;0
0.00252;0.00192;0.00433;0.00239;0.0024;0.00456;0.00195;0.00286;0.00271;0.44935;1.25087;0.00274;0.00399;0.00169;0.00195;0.0038;0.00203;0.00227;0.00168;0.00199;0.00213;0.00178;0.0022;0.00235;0.00179;0.00251;0.0028;0.00435; -   ;0.00314;0.00158;0.00205;0.00291;0.00419;0.09642;0.00201;0.0019;0.00235;0.00204;0.02114;0.00609;0.00261;0.00155;0.0016;0.00108;0.0018;0.00242;0.0171;0.00254;0.00207;0.00395;0.00234;0.00191;0.0168;0.00947;0.00118;0.00061;0.00082;0.00096;0.00184;0.00056;0.00299;0.00037;0.00123;0.00082;0.00268;0
0.00036;0.0002;0.00062;0.0004;0.0004;0.00234;0.0006;0.00082;0.00048;0.00081;0.00031;1.01348;0.01596;0.00046;0.00046;0.00069;0.00051;0.00047;0.00034;0.00043;0.00048;0.00037;0.00046;0.00047;0.00041;0.00051;0.0004;0.00065; -   ;0.00036;0.00066;0.00036;0.00158;0.00044;0.00097;0.00032;0.0003;0.00054;0.00046;0.00065;0.00429;0.22165;0.02296;0.02461;0.00187;0.00623;0.00141;0.00037;0.00039;0.01684;0.00019;0.00022;0.0003;0.00069;0.00031;0.00015;0.00019;0.00014;0.00048;0.00016;0.00007;0.00022;0.00008;0.00018;0.00012;0.00053;0
0.00434;0.00127;0.00983;0.00337;0.00422;0.00271;0.0009;0.00208;0.00025;0.00041;0.00016;0.00662;1.00774;0.00037;0.00018;0.00023;0.00131;0.00039;0.00032;0.0005;0.00264;0.00022;0.00075;0.001;0.00038;0.00052;0.00051;0.00147; -   ;0.00023;0.00009;0.00017;0.00103;0.00011;0.00046;0.00237;0.00093;0.00018;0.00013;0.01094;0.08164;0.00154;0.00053;0.00024;0.00015;0.00034;0.00013;0.00008;0.00045;0.01894;0.00007;0.00016;0.00019;0.00026;0.00013;0.00004;0.00003;0.00005;0.00052;0.00006;0.00004;0.00007;0.00002;0.00012;0.00005;0.00043;0
0.00049;0.00046;0.00101;0.00049;0.00064;0.00053;0.0233;0.00173;0.02789;0.00014;0.00024;0.00205;0.00234;1.05156;0.01956;0.00879;0.00085;0.00939;0.00224;0.00062;0.00071;0.00171;0.00103;0.00072;0.01665;0.00779;0.00056;0.00082; -   ;0.00043;0.00034;0.0015;0.00067;0.00052;0.00039;0.0005;0.00047;0.00039;0.00034;0.00042;0.00062;0.00073;0.00041;0.00034;0.00033;0.0004;0.00067;0.0003;0.00073;0.00073;0.00059;0.04371;0.07742;0.00087;0.00105;0.00081;0.00085;0.00144;0.00061;0.00244;0.00052;0.003;0.00226;0.00193;0.00112;0.00899;0
0;0;0;0;0;0;0;0;0;0;0;0;0;0;1;0;0;0;0;0;0;0;0;0;0;0.00002;0;0; -   ;0;0;0;0;0;0;0;0;0;0;0;0;0;0;0;0;0;0;0;0;0;0;0.00002;0.00008;0;0;0;0;0;0;0;0;0;0;0;0;0.00009;0
0.00038;0.00027;0.0005;0.00058;0.00046;0.00053;0.0106;0.0003;0.01413;0.00016;0.00037;0.00238;0.00404;0.004;0.00596;1.0411;0.00153;0.00335;0.00085;0.0008;0.00074;0.0008;0.00099;0.00082;0.04516;0.00151;0.00095;0.00126; -   ;0.00087;0.00207;0.00115;0.00113;0.00085;0.00057;0.00063;0.00059;0.00055;0.00077;0.00073;0.00104;0.00132;0.00326;0.00125;0.00072;0.0018;0.0013;0.00041;0.00105;0.00266;0.00021;0.00309;0.00326;0.00057;0.00034;0.0002;0.00015;0.00025;0.00016;0.00049;0.00016;0.00041;0.00018;0.00047;0.00035;0.00117;0
0.00015;0.00012;0.00027;0.00014;0.00015;0.00017;0.0112;0.00025;0.01355;0.00018;0.00045;0.00044;0.00058;0.0083;0.00508;0.01997;1.12938;0.00829;0.03911;0.00016;0.00017;0.00686;0.01341;0.00017;0.04946;0.0206;0.00024;0.00026; -   ;0.0003;0.00028;0.00051;0.0002;0.00027;0.00049;0.00106;0.01929;0.00013;0.0004;0.00041;0.00031;0.0002;0.00063;0.00021;0.00012;0.00039;0.00027;0.00012;0.0003;0.00036;0.00016;0.00463;0.00835;0.00026;0.00032;0.00018;0.00014;0.00022;0.00011;0.00055;0.00008;0.00043;0.00027;0.00038;0.0002;0.00151;0
0.00027;0.00025;0.00044;0.00024;0.00031;0.00024;0.00026;0.00064;0.0003;0.00008;0.00012;0.00069;0.00082;0.00025;0.00028;0.00047;0.00033;1.12674;0.0494;0.00031;0.0003;0.00068;0.02043;0.00031;0.00028;0.00639;0.0003;0.00039; -   ;0.00018;0.00016;0.00021;0.00038;0.00042;0.00019;0.00023;0.00022;0.00021;0.0002;0.00026;0.00038;0.00031;0.00023;0.00016;0.00015;0.00021;0.00028;0.00012;0.00027;0.00031;0.00032;0.01499;0.01938;0.00156;0.00058;0.00028;0.00026;0.00042;0.00018;0.00065;0.00019;0.00087;0.00059;0.00055;0.00034;0.00373;0
0.00013;0.00012;0.00021;0.00013;0.00016;0.00012;0.00027;0.00033;0.00031;0.00003;0.00006;0.00038;0.00045;0.00018;0.00022;0.00029;0.00019;0.00035;1.01788;0.00063;0.00056;0.26347;0.01497;0.00062;0.02678;0.00799;0.00965;0.00076; -   ;0.00031;0.00025;0.00055;0.00039;0.00035;0.00029;0.0003;0.00032;0.00027;0.00026;0.00028;0.00036;0.00034;0.00026;0.00021;0.00029;0.00028;0.00036;0.00017;0.00031;0.00036;0.00024;0.00822;0.0236;0.00055;0.00043;0.00025;0.00025;0.00046;0.00018;0.00068;0.00018;0.00091;0.00071;0.00067;0.00042;0.00196;0
0.00028;0.00022;0.00042;0.00035;0.00038;0.00032;0.0071;0.00061;0.00771;0.00007;0.00014;0.00069;0.0008;0.00265;0.00323;0.00305;0.00071;0.00485;0.26965;1.02389;0.00017;0.00549;0.02514;0.00017;0.00067;0.00362;0.00033;0.00021; -   ;0.0001;0.00009;0.00012;0.00018;0.00018;0.00009;0.00011;0.00011;0.0001;0.0001;0.00012;0.00018;0.00016;0.00012;0.00008;0.00008;0.00011;0.00014;0.00006;0.00014;0.00016;0.00014;0.00617;0.01187;0.00056;0.00026;0.00016;0.00014;0.00023;0.0001;0.00034;0.00008;0.00049;0.00035;0.00032;0.00017;0.00261;0
0.00112;0.00108;0.00205;0.00077;0.00071;0.00181;0.00075;0.00091;0.00091;0.0001;0.0002;0.00043;0.00058;0.00059;0.00072;0.00087;0.00076;0.01208;0.02908;0.00206;1.00213;0.00115;0.02799;0.00078;0.00159;0.00909;0.02872;0.02471; -   ;0.00109;0.00051;0.00151;0.00161;0.00049;0.00033;0.04596;0.00262;0.00083;0.00118;0.00122;0.00059;0.00053;0.00037;0.00036;0.00043;0.00084;0.00039;0.00156;0.00179;0.00037;0.00028;0.00369;0.00241;0.00087;0.00038;0.0002;0.0001;0.00018;0.00013;0.00028;0.00011;0.00031;0.00015;0.00148;0.00044;0.00099;0
0.00006;0.00004;0.00007;0.00009;0.00008;0.00007;0.0001;0.00007;0.00017;0.00001;0.00002;0.00007;0.00008;0.00013;0.00018;0.00019;0.00019;0.00013;0.00012;0.00017;0.00015;1.00014;0.00015;0.00017;0.00007;0.00151;0.00005;0.00009; -   ;0.00004;0.00007;0.00005;0.00006;0.00005;0.00003;0.00004;0.00004;0.00003;0.00004;0.00004;0.00005;0.00006;0.00009;0.00004;0.00004;0.00006;0.00006;0.00002;0.00005;0.00009;0.00002;0.00179;0.0014;0.00006;0.00004;0.00004;0.00003;0.00005;0.00002;0.00007;0.00002;0.00009;0.00005;0.00006;0.00004;0.00085;0
0.00004;0.00003;0.00005;0.00004;0.00005;0.00004;0.00005;0.00005;0.00007;0.00001;0.00002;0.00011;0.00015;0.00006;0.00008;0.0001;0.00013;0.00384;0.00418;0.00007;0.00007;0.00015;1.07464;0.00007;0.00014;0.00012;0.00007;0.0002; -   ;0.00008;0.00006;0.00009;0.00008;0.00008;0.00006;0.00007;0.00007;0.00007;0.00007;0.00006;0.00007;0.00006;0.00006;0.00005;0.00008;0.00006;0.00008;0.00004;0.00005;0.00007;0.00003;0.00084;0.00161;0.00009;0.00006;0.00003;0.00002;0.00005;0.00002;0.00005;0.00002;0.00008;0.00006;0.00007;0.00005;0.00009;0
0.00003;0.00003;0.00006;0.00003;0.00004;0.00004;0.00004;0.00009;0.00006;0.00001;0.00002;0.0001;0.00012;0.00005;0.00006;0.00007;0.00006;0.00007;0.0012;0.00006;0.00006;0.00007;0.00009;1.08451;0.00005;0.0022;0.00004;0.00007; -   ;0.00003;0.00002;0.00004;0.00004;0.00004;0.00003;0.00003;0.00003;0.00003;0.00003;0.00003;0.00004;0.00004;0.00003;0.00002;0.00003;0.00003;0.00004;0.00002;0.00004;0.00004;0.00004;0.00479;0.00366;0.00006;0.00006;0.00004;0.00005;0.00008;0.00003;0.00013;0.00003;0.00017;0.00011;0.00011;0.00005;0.00017;0
0.00095;0.00069;0.00203;0.0009;0.00115;0.00095;0.22795;0.00099;0.275;0.0002;0.00041;0.00189;0.00226;0.07431;0.10035;0.07705;0.00119;0.05922;0.00402;0.0009;0.00117;0.00223;0.00214;0.00101;1.02246;0.00206;0.00093;0.00125; -   ;0.00089;0.00065;0.00765;0.00076;0.00079;0.00063;0.00059;0.00078;0.0006;0.00055;0.00064;0.00086;0.00088;0.00077;0.00058;0.00051;0.00066;0.00126;0.00053;0.00146;0.00092;0.00066;0.00839;0.02056;0.00087;0.00096;0.00136;0.0008;0.00126;0.00075;0.00536;0.00037;0.00173;0.00077;0.00124;0.00063;0.00732;0
0.00033;0.00025;0.00045;0.00045;0.00043;0.00042;0.00076;0.00045;0.00115;0.00008;0.00016;0.00081;0.00117;0.00185;0.00108;0.00202;0.00089;0.0024;0.01344;0.00084;0.0007;0.00994;0.00269;0.00105;0.00185;1.0262;0.0011;0.0022; -   ;0.00046;0.00059;0.00052;0.00056;0.00046;0.00035;0.00152;0.00045;0.00036;0.00041;0.0004;0.00048;0.00049;0.00078;0.00041;0.00043;0.00058;0.00053;0.00022;0.00045;0.00074;0.00021;0.00685;0.01278;0.00051;0.00035;0.00019;0.00018;0.00033;0.00013;0.0004;0.00018;0.00061;0.00044;0.00055;0.00167;0.00155;0
0.00009;0.00007;0.00014;0.00008;0.00008;0.00015;0.00007;0.00009;0.0001;0.00097;0.00267;0.0001;0.00015;0.00007;0.00008;0.00013;0.00009;0.00008;0.00007;0.00008;0.00009;0.00007;0.00011;0.00009;0.00007;0.00009;1.02317;0.00015; -   ;0.0001;0.00006;0.00008;0.00011;0.00012;0.00248;0.00064;0.00082;0.00007;0.00008;0.00036;0.00017;0.00008;0.00008;0.00006;0.00004;0.00008;0.00008;0.00028;0.00009;0.00008;0.0001;0.00037;0.00038;0.00044;0.00025;0.00004;0.00002;0.00003;0.00002;0.00006;0.00002;0.0001;0.00002;0.00011;0.00004;0.00043;0
0.00001;0.00001;0.00002;0.00001;0.00002;0.00001;0.00002;0.00003;0.00002;0;0.00001;0.00003;0.00004;0.00002;0.00003;0.00003;0.00003;0.00095;0.00039;0.00006;0.00002;0.00005;0.00029;0.00002;0.00002;0.00264;0.00033;1.00088; -   ;0.00001;0.00001;0.00001;0.00002;0.00001;0.00001;0.00001;0.00001;0.00001;0.00001;0.00001;0.00001;0.00001;0.00001;0.00001;0.00001;0.00001;0.00002;0.00001;0.00001;0.00002;0.00001;0.00114;0.00103;0.00002;0.00002;0.00001;0.00001;0.00002;0.00001;0.00004;0.00001;0.00005;0.00003;0.00003;0.00002;0.00011;0
0;0;0;0;0;0;0;0;0;0;0;0;0;0;0;0;0;0;0;0;0;0;0;0;0;0;0;0;0;0;0;0;0;0;0;0;0;0;0;0;0;0;0;0;0;0;0;0;0;0;0;0;0;0;0;0;0;0;0;0;0;0;0;0;0;0;0
0.00221;0.00124;0.00533;0.0018;0.00146;0.00186;0.00211;0.00061;0.00216;0.00039;0.00089;0.002;0.00286;0.00165;0.00195;0.00497;0.002;0.00184;0.00225;0.00509;0.00264;0.00236;0.00189;0.00184;0.00197;0.00169;0.00138;0.00256; -   ;1.05402;0.08544;0.04855;0.00127;0.0013;0.00132;0.00218;0.00372;0.00238;0.00248;0.00117;0.00129;0.00124;0.00218;0.00125;0.00363;0.03772;0.00216;0.00067;0.00152;0.00195;0.00448;0.00655;0.00135;0.00153;0.00511;0.00083;0.0005;0.00083;0.00035;0.00216;0.00044;0.00267;0.0011;0.00212;0.00066;0.00142;0
0.00097;0.00065;0.00122;0.00104;0.00091;0.0012;0.00113;0.00076;0.00159;0.00059;0.00145;0.00535;0.00851;0.00129;0.00136;0.00334;0.00141;0.00143;0.00166;0.00122;0.00122;0.00158;0.00238;0.00143;0.00148;0.00266;0.00282;0.00243; -   ;0.00584;1.05766;0.02124;0.00291;0.00243;0.00177;0.00161;0.00249;0.00241;0.00155;0.002;0.00298;0.00334;0.00664;0.00284;0.00153;0.00392;0.00445;0.00137;0.00494;0.00528;0.00207;0.0041;0.00182;0.00168;0.00184;0.00131;0.00132;0.00226;0.00057;0.00283;0.00244;0.00465;0.00848;0.00248;0.00171;0.00591;0
0.00026;0.00012;0.00019;0.00012;0.0001;0.00017;0.00021;0.00012;0.00014;0.00023;0.00005;0.00014;0.00019;0.00014;0.00013;0.00028;0.00014;0.00021;0.00014;0.00013;0.00013;0.00015;0.00021;0.00016;0.00017;0.00033;0.00034;0.00023; -   ;0.00055;0.00355;1.18729;0.00031;0.00028;0.00012;0.00188;0.00025;0.00038;0.00204;0.00022;0.00025;0.00014;0.00037;0.00026;0.00048;0.00139;0.00371;0.00026;0.00089;0.00015;0.00012;0.00014;0.00016;0.00015;0.00011;0.00012;0.00005;0.00008;0.00005;0.00028;0.00005;0.00026;0.0001;0.00081;0.00009;0.00042;0
0.0024;0.00029;0.00045;0.00045;0.00032;0.00068;0.0006;0.0002;0.00052;0.00019;0.00049;0.00058;0.00089;0.0005;0.00055;0.00106;0.00058;0.00054;0.0004;0.00052;0.00048;0.00045;0.00077;0.00054;0.00046;0.00121;0.00131;0.00126; -   ;0.00044;0.00048;0.00135;1.116;0.00086;0.00061;0.00045;0.00137;0.00028;0.00071;0.00429;0.00045;0.00042;0.00088;0.00033;0.00149;0.12623;0.0008;0.00019;0.00031;0.02437;0.00075;0.00025;0.00038;0.00068;0.00029;0.00014;0.00017;0.00024;0.00068;0.00014;0.00108;0.00037;0.00139;0.00071;0.00099;0.00172;0
0.03436;0.0034;0.00616;0.01249;0.00377;0.00556;0.01255;0.00234;0.00845;0.00063;0.0013;0.00292;0.00382;0.00895;0.00885;0.04371;0.00954;0.02142;0.01134;0.00715;0.00704;0.01597;0.02803;0.01069;0.00761;0.03072;0.02433;0.02477; -   ;0.0087;0.0148;0.0185;0.00348;1.23571;0.00281;0.00735;0.02226;0.00548;0.01442;0.0241;0.01945;0.00284;0.00683;0.00504;0.00363;0.00701;0.00616;0.00165;0.00422;0.00471;0.01886;0.00654;0.00843;0.00431;0.0044;0.00337;0.00422;0.00733;0.00122;0.00436;0.00252;0.00497;0.00218;0.00413;0.00334;0.02636;0
0.02458;0.01764;0.04072;0.02332;0.02213;0.04662;0.0177;0.02808;0.02634;0.008;0.00814;0.02423;0.03849;0.01526;0.01851;0.0361;0.01897;0.02092;0.01436;0.0186;0.02015;0.01632;0.02026;0.01983;0.01651;0.02271;0.0244;0.0412; -   ;0.02896;0.0133;0.01791;0.02805;0.03964;1.03067;0.01829;0.01754;0.02119;0.01689;0.12803;0.05712;0.02095;0.01329;0.01422;0.00933;0.0161;0.02269;0.10792;0.01954;0.01786;0.03793;0.01761;0.01518;0.17506;0.09639;0.0093;0.00509;0.00685;0.00572;0.01623;0.00492;0.02882;0.00303;0.00985;0.00729;0.02215;0
0.01931;0.01934;0.03753;0.01018;0.00803;0.03392;0.00331;0.01459;0.0021;0.00031;0.00074;0.00211;0.005;0.0017;0.0012;0.00258;0.00341;0.00307;0.00223;0.0044;0.01032;0.00276;0.0033;0.00314;0.00218;0.00311;0.00835;0.00786; -   ;0.01634;0.00528;0.02543;0.02851;0.00201;0.00089;1.01311;0.05099;0.01168;0.01935;0.01858;0.00297;0.00332;0.0028;0.00316;0.00381;0.01263;0.00203;0.0004;0.03136;0.0024;0.00088;0.0019;0.0014;0.00103;0.00127;0.00037;0.00021;0.00032;0.00034;0.00103;0.00068;0.00069;0.00056;0.0256;0.00547;0.00139;0
0.00186;0.00124;0.00218;0.00142;0.0013;0.00172;0.00205;0.00112;0.00216;0.00347;0.00864;0.00363;0.00473;0.0018;0.00171;0.00473;0.0025;0.00327;0.00183;0.00146;0.00155;0.00178;0.00218;0.00174;0.00218;0.00241;0.00452;0.00331; -   ;0.00977;0.00715;0.00265;0.00174;0.00823;0.00922;0.00646;1.0635;0.00234;0.01673;0.01537;0.00869;0.00217;0.02296;0.00551;0.00233;0.01323;0.00561;0.00175;0.00566;0.00783;0.00332;0.01297;0.00589;0.00357;0.00809;0.00214;0.00099;0.00149;0.00094;0.00511;0.00081;0.0029;0.00098;0.00255;0.00208;0.00831;0
0.00062;0.00043;0.00073;0.00066;0.00061;0.00045;0.0005;0.00053;0.00067;0.00022;0.00045;0.00053;0.00066;0.00055;0.00071;0.00104;0.0008;0.00071;0.00053;0.00071;0.00065;0.00063;0.00075;0.00068;0.0006;0.00071;0.00065;0.00097; -   ;0.00047;0.00034;0.00461;0.00101;0.00103;0.00062;0.00054;0.00671;1.01392;0.00165;0.0008;0.00073;0.00063;0.00054;0.00277;0.00652;0.00055;0.00048;0.00037;0.00267;0.0006;0.00194;0.00039;0.00039;0.00311;0.00092;0.00018;0.00011;0.00017;0.00009;0.0003;0.00008;0.00027;0.00009;0.00025;0.00181;0.00042;0
0.04222;0.01816;0.01428;0.02137;0.00668;0.01678;0.01091;0.00324;0.00991;0.0016;0.00398;0.00331;0.00424;0.01167;0.00887;0.01463;0.01164;0.04387;0.01744;0.01024;0.01103;0.02771;0.03681;0.00993;0.01227;0.03281;0.03679;0.03348; -   ;0.02129;0.00566;0.00928;0.0091;0.01187;0.00586;0.02239;0.01143;0.0069;1.06369;0.01594;0.00469;0.00303;0.01112;0.01225;0.00628;0.02496;0.00355;0.00233;0.00564;0.00387;0.02304;0.00585;0.00904;0.00478;0.0065;0.00145;0.0013;0.0018;0.00065;0.00311;0.0007;0.00309;0.00099;0.00423;0.00203;0.00596;0
0.00026;0.00022;0.0004;0.00029;0.00032;0.0003;0.00033;0.00024;0.00046;0.0002;0.00049;0.00051;0.00066;0.00037;0.00046;0.00111;0.0005;0.00073;0.00041;0.00045;0.00042;0.00042;0.00049;0.0009;0.00041;0.00471;0.02968;0.01512; -   ;0.00028;0.00031;0.00032;0.00107;0.0004;0.00059;0.00067;0.00065;0.00026;0.00038;1.01161;0.00152;0.00034;0.00578;0.00106;0.00649;0.00299;0.00051;0.00038;0.00064;0.01636;0.00032;0.002;0.00058;0.00092;0.00039;0.00032;0.00015;0.00024;0.00055;0.00079;0.00008;0.00087;0.00009;0.00087;0.00017;0.00168;0
0.00025;0.00022;0.00042;0.00026;0.00029;0.00026;0.00024;0.00026;0.00034;0.00055;0.00144;0.00092;0.00118;0.00027;0.00034;0.00051;0.00038;0.00032;0.00025;0.00034;0.00033;0.00029;0.00034;0.00042;0.00029;0.00036;0.00052;0.00058; -   ;0.00023;0.00025;0.00023;0.00034;0.0004;0.00151;0.00023;0.00031;0.00021;0.00022;0.00859;1.08181;0.00064;0.00166;0.0003;0.00025;0.00113;0.00068;0.00026;0.00021;0.08941;0.00026;0.00025;0.00026;0.0014;0.00051;0.00013;0.00009;0.00015;0.00245;0.00019;0.00005;0.00021;0.00004;0.00014;0.00009;0.00182;0
0.00146;0.00076;0.00267;0.00144;0.00146;0.0111;0.00238;0.0038;0.00135;0.00147;0.00388;0.06615;0.07829;0.00149;0.00115;0.00228;0.00133;0.00156;0.00095;0.00108;0.00149;0.00099;0.0014;0.00129;0.00118;0.00181;0.00153;0.00196; -   ;0.00131;0.00289;0.00124;0.00735;0.00171;0.00439;0.00114;0.00105;0.00229;0.00189;0.00246;0.02071;1.09112;0.11258;0.12092;0.00874;0.03031;0.00652;0.00164;0.00164;0.08138;0.00077;0.00079;0.00101;0.00291;0.00128;0.00062;0.00089;0.00052;0.00231;0.00069;0.00028;0.0009;0.00032;0.00065;0.00036;0.00235;0
0.00127;0.00083;0.00147;0.00214;0.00102;0.00207;0.00127;0.00072;0.00283;0.00105;0.00262;0.01959;0.03431;0.00232;0.00179;0.00782;0.0014;0.00238;0.00201;0.0013;0.00155;0.00177;0.00338;0.00158;0.00265;0.00632;0.00609;0.00447; -   ;0.00512;0.0171;0.00472;0.00758;0.00533;0.00302;0.00324;0.00283;0.00283;0.00481;0.0044;0.00704;0.01009;1.02806;0.01013;0.00395;0.01432;0.00915;0.00242;0.00762;0.02225;0.00084;0.00133;0.00217;0.00214;0.00122;0.00057;0.00057;0.00062;0.00087;0.00136;0.00032;0.0016;0.00048;0.00207;0.0006;0.00189;0
0.00014;0.00009;0.00017;0.00021;0.00013;0.00021;0.00025;0.00124;0.00088;0.0001;0.00025;0.00288;0.00426;0.00027;0.00052;0.00107;0.0002;0.00071;0.00026;0.00018;0.00078;0.00021;0.00036;0.0002;0.00073;0.0014;0.00053;0.00046; -   ;0.00045;0.00162;0.00043;0.00085;0.00044;0.0003;0.00032;0.00026;0.00241;0.00041;0.0004;0.00072;0.00121;0.0039;1.02582;0.00676;0.00197;0.00174;0.00021;0.00063;0.00212;0.00008;0.00014;0.00073;0.00023;0.00012;0.00005;0.00005;0.00006;0.00008;0.00012;0.00003;0.00013;0.00006;0.00019;0.00007;0.00018;0
0.0004;0.00031;0.00055;0.00043;0.00043;0.00048;0.00039;0.00049;0.00068;0.00171;0.00462;0.00101;0.00146;0.00044;0.00059;0.00097;0.00059;0.00052;0.00041;0.00054;0.00052;0.00046;0.00056;0.00053;0.0005;0.00069;0.00053;0.00081; -   ;0.00044;0.00054;0.00041;0.00064;0.00074;0.00462;0.00041;0.00038;0.00047;0.0004;0.00095;0.00079;0.0006;0.00084;0.00132;1.00604;0.0011;0.00056;0.00064;0.00084;0.00085;0.00046;0.00027;0.00034;0.00263;0.00091;0.00014;0.00011;0.00016;0.00009;0.00022;0.00007;0.00033;0.00014;0.00023;0.00015;0.00047;0
0.00021;0.00016;0.00025;0.00032;0.00028;0.00027;0.00032;0.00015;0.00058;0.00008;0.00019;0.00053;0.0009;0.00044;0.0006;0.00076;0.00063;0.00045;0.00041;0.00056;0.00049;0.00047;0.00054;0.00059;0.00048;0.0005;0.00036;0.00072; -   ;0.00037;0.00055;0.00038;0.0004;0.00036;0.00032;0.00031;0.00029;0.00027;0.00031;0.00031;0.00037;0.00039;0.00077;0.00037;0.00896;1.01803;0.00042;0.00017;0.00033;0.00229;0.00108;0.00019;0.00029;0.00034;0.00019;0.00009;0.00086;0.001;0.0001;0.0001;0.00017;0.00015;0.00271;0.00019;0.00033;0.00022;0
0.00231;0.00159;0.00252;0.00327;0.00306;0.00277;0.00356;0.00148;0.0062;0.0004;0.00077;0.00158;0.00212;0.00473;0.00688;0.00731;0.00724;0.005;0.00453;0.00645;0.0054;0.00536;0.00557;0.00633;0.00515;0.00461;0.00294;0.00773; -   ;0.00342;0.00409;0.0033;0.00286;0.00286;0.00231;0.0029;0.00303;0.00242;0.00282;0.00245;0.00265;0.00204;0.00224;0.00231;0.00301;0.00316;1.00497;0.00129;0.00216;0.00235;0.0025;0.00185;0.00292;0.00311;0.00175;0.00114;0.00054;0.00117;0.00029;0.00108;0.00141;0.00178;0.00087;0.00325;0.00301;0.00398;0
0.01149;0.0162;0.03051;0.01243;0.02273;0.01465;0.02429;0.01019;0.0195;0.0046;0.00695;0.04149;0.02863;0.02077;0.01728;0.0283;0.01793;0.02388;0.03057;0.01824;0.01568;0.02064;0.02239;0.04676;0.01829;0.02744;0.0174;0.02798; -   ;0.042;0.0319;0.03498;0.01573;0.03082;0.00997;0.02317;0.01533;0.03168;0.0331;0.05325;0.06317;0.06409;0.01992;0.02321;0.01169;0.0217;0.0201;1.4994;0.072;0.0195;0.02621;0.0598;0.04153;0.01691;0.01657;0.02978;0.00801;0.00934;0.02294;0.02326;0.00864;0.02301;0.00784;0.02937;0.01293;0.05697;0
0.00242;0.00169;0.00671;0.00381;0.00758;0.00433;0.00217;0.00112;0.00324;0.00037;0.00086;0.0061;0.00719;0.00184;0.00192;0.00969;0.00315;0.00366;0.0022;0.00188;0.00264;0.00158;0.00356;0.00398;0.00185;0.00429;0.01713;0.00441; -   ;0.00276;0.00234;0.00235;0.00229;0.00291;0.00113;0.00227;0.00278;0.00581;0.00259;0.00512;0.00767;0.07855;0.00958;0.01057;0.00149;0.00386;0.00197;0.00274;1.15092;0.00811;0.00119;0.01784;0.00232;0.00191;0.01585;0.00131;0.0007;0.00097;0.00557;0.00254;0.00239;0.00783;0.00296;0.00881;0.00238;0.00823;0
0.00131;0.00134;0.0028;0.00125;0.00152;0.00142;0.00112;0.00133;0.00144;0.00566;0.01521;0.00134;0.00173;0.00116;0.00134;0.00205;0.0016;0.00141;0.00102;0.0014;0.00161;0.00119;0.00148;0.00231;0.00118;0.00131;0.00119;0.00202; -   ;0.00101;0.00082;0.00093;0.00135;0.00177;0.01542;0.00097;0.00093;0.00095;0.00085;0.0027;0.00199;0.00097;0.00081;0.00074;0.00079;0.00092;0.00136;0.00198;0.00091;1.0275;0.00164;0.00177;0.00161;0.00689;0.00337;0.00096;0.00073;0.00119;0.02736;0.00131;0.00031;0.00149;0.00022;0.00072;0.00041;0.01926;0
0.09338;0.06579;0.10675;0.14307;0.13555;0.12009;0.15689;0.06451;0.27956;0.01679;0.03175;0.06003;0.07944;0.21223;0.31252;0.31818;0.32846;0.21518;0.20212;0.2928;0.24313;0.2381;0.24369;0.28662;0.23053;0.20003;0.11847;0.34473; -   ;0.12893;0.09967;0.14276;0.1254;0.12379;0.10195;0.11785;0.12021;0.10704;0.10911;0.10357;0.11135;0.08535;0.08909;0.07682;0.13335;0.10513;0.1175;0.0562;0.07669;0.09553;1.04232;0.07748;0.12916;0.13727;0.072;0.03086;0.01791;0.04721;0.00996;0.02713;0.01784;0.05159;0.02402;0.06919;0.06514;0.06699;0
0.00248;0.00296;0.00738;0.00182;0.00306;0.00262;0.00225;0.0028;0.00195;0.00068;0.00147;0.00387;0.00449;0.00177;0.00166;0.00275;0.0023;0.00239;0.00148;0.00163;0.00307;0.00162;0.00239;0.00207;0.00156;0.00176;0.00232;0.00245; -   ;0.00124;0.00107;0.00174;0.00172;0.00211;0.00186;0.00139;0.00186;0.00144;0.00119;0.00161;0.00212;0.00194;0.00133;0.0012;0.00098;0.00124;0.00301;0.00135;0.00369;0.00237;0.00272;1.00284;0.00158;0.0039;0.00366;0.00408;0.00449;0.00721;0.00309;0.0145;0.00419;0.01157;0.00242;0.0056;0.00203;0.01446;0
0.00195;0.00202;0.00398;0.00185;0.00248;0.00216;0.00254;0.01853;0.00294;0.00089;0.00129;0.02013;0.02256;0.00216;0.00235;0.00368;0.00262;0.00279;0.00183;0.00214;0.00257;0.00205;0.00281;0.00253;0.00196;0.00216;0.0028;0.00289; -   ;0.00172;0.00138;0.00217;0.00498;0.00279;0.00184;0.00182;0.00229;0.00197;0.00156;0.00222;0.00414;0.00578;0.00204;0.00186;0.00131;0.00199;0.00359;0.00153;0.00424;0.00534;0.0047;0.00324;1.0019;0.00597;0.00937;0.0042;0.00689;0.01211;0.00498;0.01577;0.00289;0.02875;0.02729;0.01911;0.00893;0.02492;0
0.11187;0.09261;0.14455;0.08506;0.10616;0.07137;0.07124;0.15677;0.06432;0.03331;0.04411;0.10766;0.12829;0.06076;0.05624;0.16011;0.07891;0.08821;0.05413;0.07802;0.07478;0.06374;0.09312;0.06486;0.07138;0.10164;0.11315;0.10983; -   ;0.0533;0.03026;0.05937;0.15209;0.22258;0.06228;0.09181;0.07669;0.08218;0.07641;0.11495;0.17216;0.08073;0.06044;0.03827;0.03598;0.06273;0.07949;0.02955;0.06216;0.06288;0.13801;0.04716;0.04486;1.11572;0.26199;0.03691;0.0231;0.0291;0.01711;0.0646;0.0111;0.05064;0.01011;0.03208;0.0156;0.08106;0
0.00126;0.00076;0.00126;0.00116;0.00128;0.00107;0.00131;0.00075;0.00187;0.00023;0.00045;0.00088;0.00112;0.00174;0.00193;0.00318;0.00211;0.00161;0.00148;0.0024;0.00164;0.00169;0.00182;0.00199;0.00168;0.00148;0.0021;0.00234; -   ;0.001;0.00196;0.00265;0.00109;0.00136;0.00088;0.00143;0.00393;0.00426;0.00229;0.00101;0.00142;0.00083;0.0013;0.00137;0.00131;0.00096;0.004;0.00052;0.00108;0.00097;0.00578;0.00094;0.001;0.00275;1.02913;0.00073;0.00231;0.00236;0.00051;0.00209;0.00053;0.00221;0.00026;0.00184;0.00056;0.0029;0
0.00966;0.01002;0.01851;0.01059;0.0123;0.01169;0.01145;0.00939;0.01159;0.00186;0.00385;0.02027;0.02377;0.00952;0.00904;0.01672;0.01185;0.01378;0.00888;0.00878;0.01464;0.00952;0.01693;0.01419;0.00896;0.01284;0.02213;0.01607; -   ;0.01219;0.01036;0.0124;0.01041;0.0234;0.00542;0.01182;0.01475;0.01194;0.00968;0.01109;0.01162;0.01204;0.01065;0.01079;0.00678;0.00943;0.02077;0.00821;0.02238;0.00992;0.01636;0.03784;0.01188;0.01156;0.06459;1.31315;0.09658;0.05119;0.01131;0.03857;0.01388;0.03907;0.00701;0.01913;0.00997;0.0886;0
0.01172;0.02164;0.02833;0.01743;0.01594;0.01331;0.02206;0.01208;0.03461;0.00291;0.00602;0.01067;0.02306;0.01921;0.02188;0.0375;0.03453;0.02381;0.02085;0.02204;0.03041;0.01958;0.04515;0.06789;0.0216;0.02238;0.01964;0.02128; -   ;0.03441;0.02216;0.0345;0.01987;0.02266;0.00748;0.02435;0.01967;0.0253;0.02;0.03141;0.01828;0.02918;0.01982;0.02036;0.01864;0.01797;0.02353;0.00973;0.03019;0.02249;0.04363;0.02491;0.02151;0.01832;0.02423;0.02081;1.04865;0.10608;0.01859;0.01872;0.03695;0.01709;0.00269;0.01762;0.00477;0.03223;0
0.00623;0.01093;0.01231;0.00896;0.00942;0.00444;0.00788;0.01116;0.00616;0.00153;0.00287;0.00869;0.02288;0.00599;0.00413;0.01198;0.00625;0.00696;0.00467;0.00423;0.00633;0.00409;0.00809;0.00678;0.00519;0.00616;0.01512;0.00817; -   ;0.00785;0.00502;0.00566;0.01088;0.01569;0.00364;0.01761;0.00557;0.00857;0.00668;0.00494;0.00926;0.0071;0.01128;0.00448;0.00256;0.00815;0.01294;0.00597;0.01869;0.00807;0.00751;0.01203;0.004;0.01373;0.01539;0.00689;0.03426;1.27192;0.01014;0.01454;0.01755;0.01905;0.00219;0.00972;0.00289;0.01802;0
0.00947;0.0185;0.04908;0.00789;0.0124;0.00494;0.00593;0.00356;0.00699;0.00126;0.00265;0.0057;0.00717;0.00786;0.00678;0.00874;0.01026;0.00655;0.00582;0.00814;0.01739;0.00606;0.00766;0.00795;0.00645;0.00635;0.00585;0.00972; -   ;0.00406;0.01132;0.00501;0.00427;0.00526;0.00419;0.00453;0.0047;0.00403;0.00352;0.00414;0.01064;0.00414;0.00753;0.00829;0.00894;0.00859;0.01813;0.00283;0.00705;0.01455;0.01935;0.04023;0.03318;0.00826;0.03443;0.00557;0.0161;0.02916;1.08078;0.02182;0.00466;0.01532;0.00221;0.00497;0.00334;0.00718;0
0.06798;0.08371;0.18423;0.0553;0.08953;0.09353;0.11396;0.05789;0.07291;0.03261;0.07049;0.19688;0.22393;0.07799;0.05415;0.11837;0.06852;0.10929;0.05994;0.05193;0.08633;0.06339;0.09462;0.06498;0.05681;0.07117;0.13883;0.08143; -   ;0.05495;0.05685;0.09771;0.06024;0.10209;0.08374;0.06102;0.11314;0.07443;0.05796;0.08082;0.10836;0.10185;0.07359;0.07077;0.04361;0.06226;0.20978;0.08671;0.27574;0.09687;0.1113;0.18447;0.07354;0.08663;0.14374;0.26217;0.14044;0.21058;0.14719;1.23388;0.05436;0.21358;0.03792;0.1533;0.06698;0.21282;0
0.00024;0.00022;0.00062;0.00028;0.00048;0.0003;0.00024;0.00015;0.00029;0.00007;0.00016;0.00045;0.00053;0.00035;0.00021;0.00064;0.00029;0.00044;0.00021;0.00021;0.00028;0.00019;0.00032;0.00032;0.00023;0.00046;0.00109;0.00046; -   ;0.00023;0.00066;0.00026;0.00021;0.00083;0.0002;0.00021;0.00053;0.00049;0.00039;0.00042;0.00085;0.0036;0.00064;0.00066;0.00017;0.0003;0.00046;0.00026;0.00708;0.00068;0.00042;0.00129;0.00034;0.00023;0.00119;0.00038;0.0003;0.00041;0.00074;0.00065;1.00033;0.00121;0.00035;0.00058;0.00027;0.00122;0
0.00059;0.00068;0.00136;0.00056;0.00079;0.00074;0.00091;0.00054;0.00078;0.00022;0.00047;0.00137;0.0016;0.00072;0.00066;0.00113;0.00081;0.00096;0.00066;0.00064;0.00083;0.00066;0.00093;0.00081;0.00061;0.00069;0.00103;0.00088; -   ;0.00054;0.00096;0.0008;0.00059;0.00087;0.00062;0.00057;0.00084;0.00062;0.00051;0.00067;0.00085;0.00079;0.00059;0.00054;0.00042;0.00053;0.00142;0.0006;0.00178;0.00087;0.00111;0.00275;0.00064;0.00113;0.00114;0.00333;0.00281;0.00324;0.00094;0.00718;0.00157;1.017;0.00103;0.00107;0.00051;0.00704;0
0;0;0;0;0;0;0;0;0;0;0;0;0;0;0;0;0;0;0;0;0;0;0;0;0;0;0;0;0;0;0;0;0;0;0;0;0;0;0;0;0;0;0;0;0;0;0;0;0;0;0;0;0;0;0;0;0;0;0;0;0;0;1;0;0;0;0
0.00004;0.00003;0.00005;0.00006;0.00006;0.00005;0.00007;0.00003;0.00012;0.00001;0.00001;0.00003;0.00003;0.00009;0.00013;0.00014;0.00014;0.00009;0.00009;0.00013;0.0001;0.0001;0.00011;0.00012;0.0001;0.00009;0.00005;0.00015; -   ;0.00006;0.00004;0.00006;0.00005;0.00005;0.00004;0.00005;0.00005;0.00005;0.00005;0.00004;0.00005;0.00004;0.00004;0.00003;0.00006;0.00005;0.00005;0.00002;0.00004;0.00004;0.00002;0.00003;0.00006;0.00006;0.00003;0.00001;0.00001;0.00002;0;0.00001;0.00036;0.00002;0.00006;1.30822;0.0418;0.00003;0
0;0;0;0;0;0;0;0;0;0;0;0;0;0;0;0;0;0;0;0;0;0;0;0;0;0;0;0;0;0;0;0;0;0;0;0;0;0;0;0;0;0;0;0;0;0;0;0;0;0;0;0;0;0;0;0;0;0;0;0;0;0;0;0;1;0;0
0.00868;0.00969;0.01563;0.00763;0.01459;0.00792;0.00871;0.01011;0.00586;0.00066;0.00133;0.02042;0.02294;0.00602;0.00493;0.00723;0.00781;0.01185;0.00416;0.00425;0.00764;0.00575;0.01049;0.00759;0.0038;0.00396;0.00361;0.00635; -   ;0.00252;0.00195;0.00306;0.00403;0.00334;0.00217;0.00254;0.00294;0.00247;0.00209;0.00267;0.00453;0.0062;0.00247;0.00228;0.00198;0.00235;0.0041;0.00333;0.0046;0.00497;0.00276;0.00433;0.00502;0.00823;0.01056;0.02887;0.00778;0.00933;0.00464;0.01472;0.00256;0.0241;0.00239;0.01174;0.00218;1.06542;0
0;0;0;0;0;0;0;0;0;0;0;0;0;0;0;0;0;0;0;0;0;0;0;0;0;0;0;0;0;0;0;0;0;0;0;0;0;0;0;0;0;0;0;0;0;0;0;0;0;0;0;0;0;0;0;0;0;0;0;0;0;0;0;0;0;0;1
